{
  "temp_mean": 622.8411254882812,
  "temp_std": 433.029052734375,
  "note": "temperature standardized; phase & velocity unchanged"
}